{
  "unitree_g1": {
    "snmr": {
      "mpjpe_m": 0.08961815227355276,
      "foot_skate_speed_ms": 0.5406289785723424,
      "foot_slide_fraction": 0.5544225030489975,
      "foot_skate_mann_cm": 0.2516555456178529,
      "penetration_mean_m": 0.0003263405016528374,
      "penetration_max_m": 0.013722821804029601,
      "penetration_fraction": 0.019469245935657194,
      "dof_jerk": 581.7608832404727,
      "body_jerk": 567.0226120267596,
      "joint_jump_fraction": 0.011593119063902469,
      "limit_violation_fraction": 0.0,
      "limit_proximity_fraction": 0.060515872679562085,
      "dof_err_rad": 0.16817268445378258
    },
    "teacher": {
      "foot_skate_speed_ms": 0.05166905876138203,
      "foot_slide_fraction": 0.0,
      "foot_skate_mann_cm": 0.14183371066160144,
      "penetration_mean_m": 1.4814909913444094e-05,
      "penetration_max_m": 0.0004449861478947458,
      "penetration_fraction": 0.001736111051979519,
      "dof_jerk": 620.8609657287598,
      "body_jerk": 199.17209277834212,
      "joint_jump_fraction": 0.01819995001313232,
      "limit_violation_fraction": 0.0,
      "limit_proximity_fraction": 0.6051587309311366
    },
    "throughput_fps": 377.22730050945904,
    "num_windows": 42
  }
}