{
  "unitree_g1": {
    "mpjpe_m": 0.0907289190883083,
    "dof_err_rad": 0.17252683453261852
  },
  "booster_t1_29dof": {
    "mpjpe_m": 0.07391512994321861,
    "dof_err_rad": 0.1745220701476293
  },
  "fourier_n1": {
    "mpjpe_m": 0.06992827941264425,
    "dof_err_rad": 0.20156609539740852
  },
  "engineai_pm01": {
    "mpjpe_m": 0.07314088684506714,
    "dof_err_rad": 0.185574447603098
  },
  "stanford_toddy": {
    "mpjpe_m": 0.03860398297131594,
    "dof_err_rad": 0.1879131236512746
  }
}