{
  "unitree_g1": {
    "snmr": {
      "mpjpe_m": 0.07681676284188316,
      "foot_skate_speed_ms": 0.5742809212478321,
      "foot_slide_fraction": 0.5634104319227239,
      "foot_skate_mann_cm": 0.19426504726566018,
      "penetration_mean_m": 0.0025691491890819677,
      "penetration_max_m": 0.036834885499307086,
      "penetration_fraction": 0.08742559479460829,
      "dof_jerk": 537.1606186117444,
      "body_jerk": 502.6632349093755,
      "joint_jump_fraction": 0.010720518351133381,
      "limit_violation_fraction": 0.0,
      "limit_proximity_fraction": 0.15587797778702916,
      "dof_err_rad": 0.14158703085212482
    },
    "teacher": {
      "foot_skate_speed_ms": 0.05166905876138203,
      "foot_slide_fraction": 0.0,
      "foot_skate_mann_cm": 0.14183371066160144,
      "penetration_mean_m": 1.4814909913444094e-05,
      "penetration_max_m": 0.0004449861478947458,
      "penetration_fraction": 0.001736111051979519,
      "dof_jerk": 620.8609657287598,
      "body_jerk": 199.17209277834212,
      "joint_jump_fraction": 0.01819995001313232,
      "limit_violation_fraction": 0.0,
      "limit_proximity_fraction": 0.6051587309311366
    },
    "throughput_fps": 400.82912042378194,
    "num_windows": 42
  }
}