{
  "unitree_g1": {
    "mpjpe_m": 0.08342206910518664,
    "dof_err_rad": 0.15032635432934122
  },
  "booster_t1_29dof": {
    "mpjpe_m": 0.07129130976474178,
    "dof_err_rad": 0.15479794683467066
  },
  "fourier_n1": {
    "mpjpe_m": 0.06783070129209332,
    "dof_err_rad": 0.17982691995400404
  },
  "engineai_pm01": {
    "mpjpe_m": 0.06945856424447681,
    "dof_err_rad": 0.16212710891185061
  },
  "stanford_toddy": {
    "mpjpe_m": 0.03635506716091186,
    "dof_err_rad": 0.18238665868661233
  }
}