{
  "unitree_g1": {
    "mpjpe_m": 0.06660976267552801,
    "dof_err_rad": 0.12302202854438551
  },
  "booster_t1_29dof": {
    "mpjpe_m": 0.057620951223985424,
    "dof_err_rad": 0.12869056297599205
  },
  "fourier_n1": {
    "mpjpe_m": 0.055170392085398944,
    "dof_err_rad": 0.1479501863608935
  },
  "engineai_pm01": {
    "mpjpe_m": 0.2958865107170173,
    "dof_err_rad": 0.5119663945266179
  },
  "stanford_toddy": {
    "mpjpe_m": 0.031950480853473504,
    "dof_err_rad": 0.1598714243487588
  }
}