{
  "unitree_g1": {
    "snmr": {
      "mpjpe_m": 0.047761381204639165,
      "foot_skate_speed_ms": 0.41213284047054394,
      "foot_slide_fraction": 0.48526684954274624,
      "foot_skate_mann_cm": 0.1912222755185905,
      "penetration_mean_m": 0.0004572651763835113,
      "penetration_max_m": 0.019280970318331606,
      "penetration_fraction": 0.024677580111615714,
      "dof_jerk": 658.1132604621705,
      "body_jerk": 476.01905146666934,
      "joint_jump_fraction": 0.013836948600198542,
      "limit_violation_fraction": 0.0,
      "limit_proximity_fraction": 0.2779017925772461,
      "dof_err_rad": 0.09368077878441129
    },
    "teacher": {
      "foot_skate_speed_ms": 0.05166904294552902,
      "foot_slide_fraction": 0.0,
      "foot_skate_mann_cm": 0.14183373509773187,
      "penetration_mean_m": 1.4814914071134158e-05,
      "penetration_max_m": 0.0004449861478947458,
      "penetration_fraction": 0.0017361112293742952,
      "dof_jerk": 620.8609954743158,
      "body_jerk": 199.17211139769782,
      "joint_jump_fraction": 0.01819995010182971,
      "limit_violation_fraction": 0.0,
      "limit_proximity_fraction": 0.6051587399782702
    },
    "throughput_fps": 11939.355003319932,
    "num_windows": 42
  }
}