{
  "unitree_g1": {
    "snmr": {
      "mpjpe_m": 0.05507982029978718,
      "foot_skate_speed_ms": 0.43459454520295066,
      "foot_slide_fraction": 0.5073806498133179,
      "foot_skate_mann_cm": 0.20595312805935032,
      "penetration_mean_m": 0.0013381842280913198,
      "penetration_max_m": 0.027433640811414944,
      "penetration_fraction": 0.051091271330646816,
      "dof_jerk": 574.1600982121059,
      "body_jerk": 455.24915958586195,
      "joint_jump_fraction": 0.013338319912907622,
      "limit_violation_fraction": 0.0,
      "limit_proximity_fraction": 0.3015873083911304,
      "dof_err_rad": 0.1056981376771416
    },
    "teacher": {
      "foot_skate_speed_ms": 0.05166904294552902,
      "foot_slide_fraction": 0.0,
      "foot_skate_mann_cm": 0.14183373509773187,
      "penetration_mean_m": 1.4814914071134158e-05,
      "penetration_max_m": 0.0004449861478947458,
      "penetration_fraction": 0.0017361112293742952,
      "dof_jerk": 620.8609954743158,
      "body_jerk": 199.17211139769782,
      "joint_jump_fraction": 0.01819995010182971,
      "limit_violation_fraction": 0.0,
      "limit_proximity_fraction": 0.6051587399782702
    },
    "throughput_fps": 10636.733955444606,
    "num_windows": 42
  }
}