{
  "unitree_g1": {
    "snmr": {
      "mpjpe_m": 0.3197798579931259,
      "foot_skate_speed_ms": 0.8287766836140127,
      "foot_slide_fraction": 0.6047044149821713,
      "foot_skate_mann_cm": 7.316209057966868,
      "penetration_mean_m": 0.0,
      "penetration_max_m": 0.0,
      "penetration_fraction": 0.0,
      "dof_jerk": 0.004503842055176695,
      "body_jerk": 634.7539620967138,
      "joint_jump_fraction": 0.0,
      "limit_violation_fraction": 0.0,
      "limit_proximity_fraction": 0.0,
      "dof_err_rad": 0.2969036254854429
    },
    "teacher": {
      "foot_skate_speed_ms": 0.05166904294552902,
      "foot_slide_fraction": 0.0,
      "foot_skate_mann_cm": 0.14183373509773187,
      "penetration_mean_m": 1.4814914071134158e-05,
      "penetration_max_m": 0.0004449861478947458,
      "penetration_fraction": 0.0017361112293742952,
      "dof_jerk": 620.8609954743158,
      "body_jerk": 199.17211139769782,
      "joint_jump_fraction": 0.01819995010182971,
      "limit_violation_fraction": 0.0,
      "limit_proximity_fraction": 0.6051587399782702
    },
    "throughput_fps": 10685.422634242012,
    "num_windows": 42
  }
}