{
  "unitree_g1": {
    "snmr": {
      "mpjpe_m": 0.04870504021112408,
      "foot_skate_speed_ms": 0.40211480222864165,
      "foot_slide_fraction": 0.4813752013946041,
      "foot_skate_mann_cm": 0.22034732598279202,
      "penetration_mean_m": 0.0006373198393270112,
      "penetration_max_m": 0.022343851359827176,
      "penetration_fraction": 0.02814980214905171,
      "dof_jerk": 616.8067395005908,
      "body_jerk": 441.93846000943864,
      "joint_jump_fraction": 0.014460234259743066,
      "limit_violation_fraction": 0.0,
      "limit_proximity_fraction": 0.34982639825015904,
      "dof_err_rad": 0.08927640851054873
    },
    "teacher": {
      "foot_skate_speed_ms": 0.05166904294552902,
      "foot_slide_fraction": 0.0,
      "foot_skate_mann_cm": 0.14183373509773187,
      "penetration_mean_m": 1.4814914071134158e-05,
      "penetration_max_m": 0.0004449861478947458,
      "penetration_fraction": 0.0017361112293742952,
      "dof_jerk": 620.8609954743158,
      "body_jerk": 199.17211139769782,
      "joint_jump_fraction": 0.01819995010182971,
      "limit_violation_fraction": 0.0,
      "limit_proximity_fraction": 0.6051587399782702
    },
    "throughput_fps": 10752.167483077581,
    "num_windows": 42
  }
}