{
  "clean_mpjpe_m": 0.024871870764486846,
  "baseline_clean_mpjpe_m": 0.021829225588589907,
  "v0a_fidelity_guard_pass": false
}