{
  "flow_latent_mse": 1.2655055725767779e-05,
  "flow_mpjpe_m": 0.024851045992580197,
  "raw_mpjpe_m": 0.024702158823077167,
  "num_windows": 42
}