{
  "checkpoint": "/home/ec2-user/work/retarget/snmr/runs/e48_ssl_100k/d_bce_only_100k/ckpt.pt",
  "robot": "unitree_g1",
  "clips": [
    "walk1_subject5",
    "dance2_subject4",
    "fight1_subject3",
    "run2_subject1",
    "jumps1_subject2",
    "sprint1_subject4",
    "aiming2_subject3"
  ],
  "labels": "teacher_height hysteresis enter=0.03 exit=0.05 (Gate-1b oracle)",
  "protocol": "held-out-clip rotation; probe trained on remaining clips",
  "feet": [
    "left_ankle_roll_link",
    "right_ankle_roll_link"
  ],
  "per_clip": {
    "walk1_subject5": {
      "left_ankle_roll_link": {
        "z_linear": {
          "f1": 0.020168067226890758,
          "accuracy": 0.47946428571428573,
          "positive_rate": 0.5258928571428572,
          "auroc": 0.905877910428653,
          "ap": 0.9066392395072417
        },
        "z_context_linear": {
          "f1": 0.02820267686424474,
          "accuracy": 0.4813775510204082,
          "positive_rate": 0.5258928571428572,
          "auroc": 0.8919048382496506,
          "ap": 0.8871737698740086
        },
        "source_height_mask": {
          "f1": 0.7158863892990532,
          "accuracy": 0.582780612244898,
          "positive_rate": 0.5258928571428572,
          "auroc": 0.5600211116455254,
          "ap": 0.5576300641744232
        },
        "majority": {
          "f1": 0.6892919836161499,
          "accuracy": 0.5258928571428572,
          "positive_rate": 0.5258928571428572,
          "auroc": 0.5,
          "ap": 0.5258928571428572
        }
      },
      "right_ankle_roll_link": {
        "z_linear": {
          "f1": 0.35926526202052944,
          "accuracy": 0.6974489795918367,
          "positive_rate": 0.37423469387755104,
          "auroc": 0.8939568315135732,
          "ap": 0.8080457838381184
        },
        "z_context_linear": {
          "f1": 0.29121813031161475,
          "accuracy": 0.6808673469387755,
          "positive_rate": 0.37423469387755104,
          "auroc": 0.8966545840256257,
          "ap": 0.8106464033100502
        },
        "source_height_mask": {
          "f1": 0.5646514318773503,
          "accuracy": 0.42410714285714285,
          "positive_rate": 0.37423469387755104,
          "auroc": 0.5394381655282918,
          "ap": 0.3936673190226306
        },
        "majority": {
          "f1": 0.0,
          "accuracy": 0.625765306122449,
          "positive_rate": 0.37423469387755104,
          "auroc": 0.5,
          "ap": 0.37423469387755104
        }
      }
    },
    "dance2_subject4": {
      "left_ankle_roll_link": {
        "z_linear": {
          "f1": 0.047619047619047616,
          "accuracy": 0.9940924531088465,
          "positive_rate": 0.0008861320336730173,
          "auroc": 0.9892830746489284,
          "ap": 0.045070641557596026
        },
        "z_context_linear": {
          "f1": 0.05263157894736842,
          "accuracy": 0.9946832077979619,
          "positive_rate": 0.0008861320336730173,
          "auroc": 0.9853412170485342,
          "ap": 0.03789076975782827
        },
        "source_height_mask": {
          "f1": 0.001969796454366382,
          "accuracy": 0.10205287254467582,
          "positive_rate": 0.0008861320336730173,
          "auroc": 0.5506282335550627,
          "ap": 0.000985869208018403
        },
        "majority": {
          "f1": 0.0,
          "accuracy": 0.999113867966327,
          "positive_rate": 0.0008861320336730173,
          "auroc": 0.5,
          "ap": 0.0008861320336730173
        }
      },
      "right_ankle_roll_link": {
        "z_linear": {
          "f1": 0.10309278350515463,
          "accuracy": 0.9871510855117412,
          "positive_rate": 0.003544528134692069,
          "auroc": 0.9373239958500075,
          "ap": 0.049147147675713494
        },
        "z_context_linear": {
          "f1": 0.032520325203252036,
          "accuracy": 0.9824250479988185,
          "positive_rate": 0.003544528134692069,
          "auroc": 0.911621214366879,
          "ap": 0.024218818995927406
        },
        "source_height_mask": {
          "f1": 0.007707129094412331,
          "accuracy": 0.0872840053167922,
          "positive_rate": 0.003544528134692069,
          "auroc": 0.5420186749666518,
          "ap": 0.0038684719535783366
        },
        "majority": {
          "f1": 0.0,
          "accuracy": 0.9964554718653079,
          "positive_rate": 0.003544528134692069,
          "auroc": 0.5,
          "ap": 0.003544528134692069
        }
      }
    },
    "fight1_subject3": {
      "left_ankle_roll_link": {
        "z_linear": {
          "f1": 0.3146067415730337,
          "accuracy": 0.9916972914114605,
          "positive_rate": 0.001905539676058255,
          "auroc": 0.9987726714850675,
          "ap": 0.45311238886062005
        },
        "z_context_linear": {
          "f1": 0.358974358974359,
          "accuracy": 0.9931945011569348,
          "positive_rate": 0.001905539676058255,
          "auroc": 0.9994642613625295,
          "ap": 0.7760734335664604
        },
        "source_height_mask": {
          "f1": 0.004171011470281543,
          "accuracy": 0.09010480468218321,
          "positive_rate": 0.001905539676058255,
          "auroc": 0.5441838265375699,
          "ap": 0.0020898641588296763
        },
        "majority": {
          "f1": 0.0,
          "accuracy": 0.9980944603239418,
          "positive_rate": 0.001905539676058255,
          "auroc": 0.5,
          "ap": 0.001905539676058255
        }
      },
      "right_ankle_roll_link": {
        "z_linear": {
          "f1": 0.06504065040650407,
          "accuracy": 0.9843473526609501,
          "positive_rate": 0.0005444399074452157,
          "auroc": 1.0,
          "ap": 1.0
        },
        "z_context_linear": {
          "f1": 0.04938271604938271,
          "accuracy": 0.9790390635633592,
          "positive_rate": 0.0005444399074452157,
          "auroc": 1.0,
          "ap": 1.0
        },
        "source_height_mask": {
          "f1": 0.00089632506722438,
          "accuracy": 0.0896964747515993,
          "positive_rate": 0.0005444399074452157,
          "auroc": 0.4196683916655318,
          "ap": 0.00047243284681646087
        },
        "majority": {
          "f1": 0.0,
          "accuracy": 0.9994555600925548,
          "positive_rate": 0.0005444399074452157,
          "auroc": 0.5,
          "ap": 0.0005444399074452157
        }
      }
    },
    "run2_subject1": {
      "left_ankle_roll_link": {
        "z_linear": {
          "f1": 0.04878048780487805,
          "accuracy": 0.9734513274336283,
          "positive_rate": 0.011300204220558203,
          "auroc": 0.8846097692892197,
          "ap": 0.05216076387709829
        },
        "z_context_linear": {
          "f1": 0.07142857142857142,
          "accuracy": 0.968141592920354,
          "positive_rate": 0.011300204220558203,
          "auroc": 0.8783849249932807,
          "ap": 0.051696789086394315
        },
        "source_height_mask": {
          "f1": 0.03079777365491651,
          "accuracy": 0.28876786929884274,
          "positive_rate": 0.011300204220558203,
          "auroc": 0.6403194712200495,
          "ap": 0.015639721123045035
        },
        "majority": {
          "f1": 0.0,
          "accuracy": 0.9886997957794418,
          "positive_rate": 0.011300204220558203,
          "auroc": 0.5,
          "ap": 0.011300204220558203
        }
      },
      "right_ankle_roll_link": {
        "z_linear": {
          "f1": 0.44501278772378516,
          "accuracy": 0.9704560925799864,
          "positive_rate": 0.03880190605854323,
          "auroc": 0.9628164604144924,
          "ap": 0.6242702672068401
        },
        "z_context_linear": {
          "f1": 0.4975124378109453,
          "accuracy": 0.9724982981620149,
          "positive_rate": 0.03880190605854323,
          "auroc": 0.962342328910094,
          "ap": 0.63771934421479
        },
        "source_height_mask": {
          "f1": 0.10246269998202409,