{
  "checkpoint": "/home/ec2-user/work/retarget/snmr/runs/e48_ssl_100k/a_control_100k/ckpt.pt",
  "robot": "unitree_g1",
  "clips": [
    "walk1_subject5",
    "dance2_subject4",
    "fight1_subject3",
    "run2_subject1",
    "jumps1_subject2",
    "sprint1_subject4",
    "aiming2_subject3"
  ],
  "labels": "teacher_height hysteresis enter=0.03 exit=0.05 (Gate-1b oracle)",
  "protocol": "held-out-clip rotation; probe trained on remaining clips",
  "feet": [
    "left_ankle_roll_link",
    "right_ankle_roll_link"
  ],
  "per_clip": {
    "walk1_subject5": {
      "left_ankle_roll_link": {
        "z_linear": {
          "f1": 0.0,
          "accuracy": 0.47410714285714284,
          "positive_rate": 0.5258928571428572,
          "auroc": 0.768977626445243,
          "ap": 0.7395283855760191
        },
        "z_context_linear": {
          "f1": 0.0,
          "accuracy": 0.47410714285714284,
          "positive_rate": 0.5258928571428572,
          "auroc": 0.8020821404444487,
          "ap": 0.7917454813133404
        },
        "source_height_mask": {
          "f1": 0.7158863892990532,
          "accuracy": 0.582780612244898,
          "positive_rate": 0.5258928571428572,
          "auroc": 0.5600211116455254,
          "ap": 0.5576300641744232
        },
        "majority": {
          "f1": 0.6892919836161499,
          "accuracy": 0.5258928571428572,
          "positive_rate": 0.5258928571428572,
          "auroc": 0.5,
          "ap": 0.5258928571428572
        }
      },
      "right_ankle_roll_link": {
        "z_linear": {
          "f1": 0.005434782608695652,
          "accuracy": 0.6265306122448979,
          "positive_rate": 0.37423469387755104,
          "auroc": 0.7956271843861599,
          "ap": 0.6708165598507184
        },
        "z_context_linear": {
          "f1": 0.006791171477079796,
          "accuracy": 0.6269132653061225,
          "positive_rate": 0.37423469387755104,
          "auroc": 0.8151088451990816,
          "ap": 0.7039250068502008
        },
        "source_height_mask": {
          "f1": 0.5646514318773503,
          "accuracy": 0.42410714285714285,
          "positive_rate": 0.37423469387755104,
          "auroc": 0.5394381655282918,
          "ap": 0.3936673190226306
        },
        "majority": {
          "f1": 0.0,
          "accuracy": 0.625765306122449,
          "positive_rate": 0.37423469387755104,
          "auroc": 0.5,
          "ap": 0.37423469387755104
        }
      }
    },
    "dance2_subject4": {
      "left_ankle_roll_link": {
        "z_linear": {
          "f1": 0.11428571428571428,
          "accuracy": 0.9862649534780682,
          "positive_rate": 0.0008861320336730173,
          "auroc": 0.9986942596698694,
          "ap": 0.2673395561553456
        },
        "z_context_linear": {
          "f1": 0.17391304347826086,
          "accuracy": 0.9915817456801064,
          "positive_rate": 0.0008861320336730173,
          "auroc": 0.99839862034984,
          "ap": 0.2379403004403004
        },
        "source_height_mask": {
          "f1": 0.001969796454366382,
          "accuracy": 0.10205287254467582,
          "positive_rate": 0.0008861320336730173,
          "auroc": 0.5506282335550627,
          "ap": 0.000985869208018403
        },
        "majority": {
          "f1": 0.0,
          "accuracy": 0.999113867966327,
          "positive_rate": 0.0008861320336730173,
          "auroc": 0.5,
          "ap": 0.0008861320336730173
        }
      },
      "right_ankle_roll_link": {
        "z_linear": {
          "f1": 0.08304498269896193,
          "accuracy": 0.9608625018461084,
          "positive_rate": 0.003544528134692069,
          "auroc": 0.9427399832024109,
          "ap": 0.14164607822902447
        },
        "z_context_linear": {
          "f1": 0.06944444444444445,
          "accuracy": 0.9604194358292719,
          "positive_rate": 0.003544528134692069,
          "auroc": 0.913405958203646,
          "ap": 0.08416386368072926
        },
        "source_height_mask": {
          "f1": 0.007707129094412331,
          "accuracy": 0.0872840053167922,
          "positive_rate": 0.003544528134692069,
          "auroc": 0.5420186749666518,
          "ap": 0.0038684719535783366
        },
        "majority": {
          "f1": 0.0,
          "accuracy": 0.9964554718653079,
          "positive_rate": 0.003544528134692069,
          "auroc": 0.5,
          "ap": 0.003544528134692069
        }
      }
    },
    "fight1_subject3": {
      "left_ankle_roll_link": {
        "z_linear": {
          "f1": 0.45454545454545453,
          "accuracy": 0.9983666802776644,
          "positive_rate": 0.001905539676058255,
          "auroc": 0.9990843739650503,
          "ap": 0.5568979835043232
        },
        "z_context_linear": {
          "f1": 0.64,
          "accuracy": 0.9987750102082482,
          "positive_rate": 0.001905539676058255,
          "auroc": 0.9985973388400772,
          "ap": 0.6942557442557442
        },
        "source_height_mask": {
          "f1": 0.004171011470281543,
          "accuracy": 0.09010480468218321,
          "positive_rate": 0.001905539676058255,
          "auroc": 0.5441838265375699,
          "ap": 0.0020898641588296763
        },
        "majority": {
          "f1": 0.0,
          "accuracy": 0.9980944603239418,
          "positive_rate": 0.001905539676058255,
          "auroc": 0.5,
          "ap": 0.001905539676058255
        }
      },
      "right_ankle_roll_link": {
        "z_linear": {
          "f1": 0.05333333333333334,
          "accuracy": 0.9903361916428475,
          "positive_rate": 0.0005444399074452157,
          "auroc": 0.9831472150347269,
          "ap": 0.030499978358257403
        },
        "z_context_linear": {
          "f1": 0.0547945205479452,
          "accuracy": 0.99060841159657,
          "positive_rate": 0.0005444399074452157,
          "auroc": 0.9840324118207817,
          "ap": 0.027674612315412773
        },
        "source_height_mask": {
          "f1": 0.00089632506722438,
          "accuracy": 0.0896964747515993,
          "positive_rate": 0.0005444399074452157,
          "auroc": 0.4196683916655318,
          "ap": 0.00047243284681646087
        },
        "majority": {
          "f1": 0.0,
          "accuracy": 0.9994555600925548,
          "positive_rate": 0.0005444399074452157,
          "auroc": 0.5,
          "ap": 0.0005444399074452157
        }
      }
    },
    "run2_subject1": {
      "left_ankle_roll_link": {
        "z_linear": {
          "f1": 0.04145077720207254,
          "accuracy": 0.9748127978216474,
          "positive_rate": 0.011300204220558203,
          "auroc": 0.7007595239122284,
          "ap": 0.028019396785601024
        },
        "z_context_linear": {
          "f1": 0.04,
          "accuracy": 0.9673247106875426,
          "positive_rate": 0.011300204220558203,
          "auroc": 0.6684988369893787,
          "ap": 0.01942512795621375
        },
        "source_height_mask": {
          "f1": 0.03079777365491651,
          "accuracy": 0.28876786929884274,
          "positive_rate": 0.011300204220558203,
          "auroc": 0.6403194712200495,
          "ap": 0.015639721123045035
        },
        "majority": {
          "f1": 0.0,
          "accuracy": 0.9886997957794418,
          "positive_rate": 0.011300204220558203,
          "auroc": 0.5,
          "ap": 0.011300204220558203
        }
      },
      "right_ankle_roll_link": {
        "z_linear": {
          "f1": 0.2119205298013245,
          "accuracy": 0.9351940095302927,
          "positive_rate": 0.03880190605854323,
          "auroc": 0.8501401520799164,
          "ap": 0.17006388308201711
        },
        "z_context_linear": {
          "f1": 0.25572519083969464,
          "accuracy": 0.9469026548672567,
          "positive_rate": 0.03880190605854323,
          "auroc": 0.8529899110382189,
          "ap": 0.21473204876187957
        },
        "source_height_mask": {
          "f1": 0.10246269998202409,