{
  "checkpoint": "runs/phase2_all5/ckpt_100k_final.pt",
  "robot": "unitree_g1",
  "clips": [
    "walk1_subject5",
    "dance2_subject4",
    "fight1_subject3",
    "run2_subject1",
    "jumps1_subject2",
    "sprint1_subject4",
    "aiming2_subject3"
  ],
  "labels": "teacher_height hysteresis enter=0.03 exit=0.05 (Gate-1b oracle)",
  "protocol": "held-out-clip rotation; probe trained on remaining clips",
  "feet": [
    "left_ankle_roll_link",
    "right_ankle_roll_link"
  ],
  "per_clip": {
    "walk1_subject5": {
      "left_ankle_roll_link": {
        "z_linear": {
          "f1": 0.0,
          "accuracy": 0.47410714285714284,
          "positive_rate": 0.5258928571428572,
          "auroc": 0.5104984335921163,
          "ap": 0.6027379964102123
        },
        "z_context_linear": {
          "f1": 0.0,
          "accuracy": 0.47410714285714284,
          "positive_rate": 0.5258928571428572,
          "auroc": 0.5366496247909732,
          "ap": 0.6301444089888806
        },
        "source_height_mask": {
          "f1": 0.7158863892990532,
          "accuracy": 0.582780612244898,
          "positive_rate": 0.5258928571428572,
          "auroc": 0.5600211116455254,
          "ap": 0.5576300641744232
        },
        "majority": {
          "f1": 0.6892919836161499,
          "accuracy": 0.5258928571428572,
          "positive_rate": 0.5258928571428572,
          "auroc": 0.5,
          "ap": 0.5258928571428572
        }
      },
      "right_ankle_roll_link": {
        "z_linear": {
          "f1": 0.0,
          "accuracy": 0.625765306122449,
          "positive_rate": 0.37423469387755104,
          "auroc": 0.6406106235537581,
          "ap": 0.5737514806733786
        },
        "z_context_linear": {
          "f1": 0.0,
          "accuracy": 0.625765306122449,
          "positive_rate": 0.37423469387755104,
          "auroc": 0.6758068039052385,
          "ap": 0.610941357102267
        },
        "source_height_mask": {
          "f1": 0.5646514318773503,
          "accuracy": 0.42410714285714285,
          "positive_rate": 0.37423469387755104,
          "auroc": 0.5394381655282918,
          "ap": 0.3936673190226306
        },
        "majority": {
          "f1": 0.0,
          "accuracy": 0.625765306122449,
          "positive_rate": 0.37423469387755104,
          "auroc": 0.5,
          "ap": 0.37423469387755104
        }
      }
    },
    "dance2_subject4": {
      "left_ankle_roll_link": {
        "z_linear": {
          "f1": 0.19230769230769232,
          "accuracy": 0.9937970757642889,
          "positive_rate": 0.0008861320336730173,
          "auroc": 0.9964276915496427,
          "ap": 0.1336872386872387
        },
        "z_context_linear": {
          "f1": 0.1702127659574468,
          "accuracy": 0.9942401417811254,
          "positive_rate": 0.0008861320336730173,
          "auroc": 0.9964523281596452,
          "ap": 0.17706190578531006
        },
        "source_height_mask": {
          "f1": 0.001969796454366382,
          "accuracy": 0.10205287254467582,
          "positive_rate": 0.0008861320336730173,
          "auroc": 0.5506282335550627,
          "ap": 0.000985869208018403
        },
        "majority": {
          "f1": 0.0,
          "accuracy": 0.999113867966327,
          "positive_rate": 0.0008861320336730173,
          "auroc": 0.5,
          "ap": 0.0008861320336730173
        }
      },
      "right_ankle_roll_link": {
        "z_linear": {
          "f1": 0.07692307692307693,
          "accuracy": 0.9929109437306158,
          "positive_rate": 0.003544528134692069,
          "auroc": 0.9088236747196284,
          "ap": 0.03649905514288472
        },
        "z_context_linear": {
          "f1": 0.06451612903225806,
          "accuracy": 0.9914340570078275,
          "positive_rate": 0.003544528134692069,
          "auroc": 0.899862902030532,
          "ap": 0.030025424032400175
        },
        "source_height_mask": {
          "f1": 0.007707129094412331,
          "accuracy": 0.0872840053167922,
          "positive_rate": 0.003544528134692069,
          "auroc": 0.5420186749666518,
          "ap": 0.0038684719535783366
        },
        "majority": {
          "f1": 0.0,
          "accuracy": 0.9964554718653079,
          "positive_rate": 0.003544528134692069,
          "auroc": 0.5,
          "ap": 0.003544528134692069
        }
      }
    },
    "fight1_subject3": {
      "left_ankle_roll_link": {
        "z_linear": {
          "f1": 0.0,
          "accuracy": 0.9980944603239418,
          "positive_rate": 0.001905539676058255,
          "auroc": 0.9991233367750482,
          "ap": 0.5929484545094221
        },
        "z_context_linear": {
          "f1": 0.0,
          "accuracy": 0.9976861303933579,
          "positive_rate": 0.001905539676058255,
          "auroc": 0.9981103037151039,
          "ap": 0.3333780918078948
        },
        "source_height_mask": {
          "f1": 0.004171011470281543,
          "accuracy": 0.09010480468218321,
          "positive_rate": 0.001905539676058255,
          "auroc": 0.5441838265375699,
          "ap": 0.0020898641588296763
        },
        "majority": {
          "f1": 0.0,
          "accuracy": 0.9980944603239418,
          "positive_rate": 0.001905539676058255,
          "auroc": 0.5,
          "ap": 0.001905539676058255
        }
      },
      "right_ankle_roll_link": {
        "z_linear": {
          "f1": 0.0,
          "accuracy": 0.99686947053219,
          "positive_rate": 0.0005444399074452157,
          "auroc": 0.7066253574833175,
          "ap": 0.0011093940955281547
        },
        "z_context_linear": {
          "f1": 0.0,
          "accuracy": 0.9959167006941608,
          "positive_rate": 0.0005444399074452157,
          "auroc": 0.7613373280675473,
          "ap": 0.0017600998417073507
        },
        "source_height_mask": {
          "f1": 0.00089632506722438,
          "accuracy": 0.0896964747515993,
          "positive_rate": 0.0005444399074452157,
          "auroc": 0.4196683916655318,
          "ap": 0.00047243284681646087
        },
        "majority": {
          "f1": 0.0,
          "accuracy": 0.9994555600925548,
          "positive_rate": 0.0005444399074452157,
          "auroc": 0.5,
          "ap": 0.0005444399074452157
        }
      }
    },
    "run2_subject1": {
      "left_ankle_roll_link": {
        "z_linear": {
          "f1": 0.014336917562724014,
          "accuracy": 0.9625595643294759,
          "positive_rate": 0.011300204220558203,
          "auroc": 0.552488112737372,
          "ap": 0.012373865363994334
        },
        "z_context_linear": {
          "f1": 0.016216216216216217,
          "accuracy": 0.9504424778761061,
          "positive_rate": 0.011300204220558203,
          "auroc": 0.5469219206763711,
          "ap": 0.012282644081907077
        },
        "source_height_mask": {
          "f1": 0.03079777365491651,
          "accuracy": 0.28876786929884274,
          "positive_rate": 0.011300204220558203,
          "auroc": 0.6403194712200495,
          "ap": 0.015639721123045035
        },
        "majority": {
          "f1": 0.0,
          "accuracy": 0.9886997957794418,
          "positive_rate": 0.011300204220558203,
          "auroc": 0.5,
          "ap": 0.011300204220558203
        }
      },
      "right_ankle_roll_link": {
        "z_linear": {
          "f1": 0.031545741324921134,
          "accuracy": 0.9582028590878149,
          "positive_rate": 0.03880190605854323,
          "auroc": 0.6746791908950847,
          "ap": 0.09645452448921137
        },
        "z_context_linear": {
          "f1": 0.16176470588235295,
          "accuracy": 0.9534377127297481,
          "positive_rate": 0.03880190605854323,
          "auroc": 0.7378738631280751,
          "ap": 0.14880865938906968
        },
        "source_height_mask": {
          "f1": 0.10246269998202409,
          "accuracy": 0.32021783526208303,
          "positive_rate": 0.03880190605854323,