{
  "unitree_g1": {
    "snmr": {
      "mpjpe_m": 0.03945278172336873,
      "foot_skate_speed_ms": 0.3579057812180725,
      "foot_slide_fraction": 0.43009189721418634,
      "foot_skate_mann_cm": 0.21533443175611042,
      "penetration_mean_m": 0.00013711016147984387,
      "penetration_max_m": 0.005702114686192502,
      "penetration_fraction": 0.008928571484007296,
      "dof_jerk": 719.6959677423749,
      "body_jerk": 451.67623181570144,
      "joint_jump_fraction": 0.015332834928163461,
      "limit_violation_fraction": 0.0,
      "limit_proximity_fraction": 0.27480158764159396,
      "dof_err_rad": 0.07768844937284787
    },
    "teacher": {
      "foot_skate_speed_ms": 0.05166905876138203,
      "foot_slide_fraction": 0.0,
      "foot_skate_mann_cm": 0.14183371066160144,
      "penetration_mean_m": 1.4814909913444094e-05,
      "penetration_max_m": 0.0004449861478947458,
      "penetration_fraction": 0.001736111051979519,
      "dof_jerk": 620.8609657287598,
      "body_jerk": 199.17209277834212,
      "joint_jump_fraction": 0.01819995001313232,
      "limit_violation_fraction": 0.0,
      "limit_proximity_fraction": 0.6051587309311366
    },
    "throughput_fps": 687.2229579002311,
    "num_windows": 42
  }
}