{
  "unitree_g1": {
    "snmr": {
      "mpjpe_m": 0.036219510582408736,
      "foot_skate_speed_ms": 0.2545371585791664,
      "foot_slide_fraction": 0.3189270517655781,
      "foot_skate_mann_cm": 0.21519055317289063,
      "penetration_mean_m": 0.0002388944331609569,
      "penetration_max_m": 0.0085361474858863,
      "penetration_fraction": 0.01116071455180645,
      "dof_jerk": 568.2567481654031,
      "body_jerk": 342.1347233567919,
      "joint_jump_fraction": 0.005048616190573999,
      "limit_violation_fraction": 0.0,
      "limit_proximity_fraction": 0.28720237830254647,
      "dof_err_rad": 0.06418246496468782
    },
    "teacher": {
      "foot_skate_speed_ms": 0.047190978815446476,
      "foot_slide_fraction": 0.0,
      "foot_skate_mann_cm": 0.1322890754589545,
      "penetration_mean_m": 2.222236487016614e-05,
      "penetration_max_m": 0.0006674792218421187,
      "penetration_fraction": 0.0026041665779692785,
      "dof_jerk": 527.2787088666644,
      "body_jerk": 177.37638640403748,
      "joint_jump_fraction": 0.0067314883095345324,
      "limit_violation_fraction": 0.0,
      "limit_proximity_fraction": 0.5667782765646864
    },
    "throughput_fps": 631.108481205356,
    "num_windows": 28
  }
}