{
  "unitree_g1": {
    "mpjpe_m": 0.0667494754306972,
    "dof_err_rad": 0.12347089778631926
  },
  "booster_t1_29dof": {
    "mpjpe_m": 0.05800245982495004,
    "dof_err_rad": 0.12879587583509938
  },
  "fourier_n1": {
    "mpjpe_m": 0.05542400658928922,
    "dof_err_rad": 0.14638330727549537
  },
  "engineai_pm01": {
    "mpjpe_m": 0.05722660328527646,
    "dof_err_rad": 0.13507110941489892
  },
  "stanford_toddy": {
    "mpjpe_m": 0.031632012429846715,
    "dof_err_rad": 0.16379888099618256
  }
}