{
  "ckpt": "runs/phase2_all5/ckpt_100k_final.pt",
  "window": 96,
  "interpolation": {
    "clips": [
      "walk1_subject5",
      "dance2_subject4"
    ],
    "rows": {
      "unitree_g1": {
        "0.0": {
          "latent": {
            "skate": 0.055333416908979416,
            "fs_mann": 0.510070264339447,
            "dof_jerk": 79.91146087646484,
            "body_jerk": 90.68865203857422,
            "penetration": 0.0,
            "limit_viol": 0.0
          },
          "qpos_baseline": {
            "skate": 0.055333416908979416,
            "fs_mann": 0.510070264339447,
            "dof_jerk": 79.91146087646484,
            "body_jerk": 90.68865203857422,
            "penetration": 0.0,
            "limit_viol": 0.0
          }
        },
        "0.25": {
          "latent": {
            "skate": 0.05469213426113129,
            "fs_mann": 0.5951942801475525,
            "dof_jerk": 63.24567794799805,
            "body_jerk": 93.65705871582031,
            "penetration": 0.0,
            "limit_viol": 0.0
          },
          "qpos_baseline": {
            "skate": 0.05449455603957176,
            "fs_mann": 0.5414884090423584,
            "dof_jerk": 60.2725944519043,
            "body_jerk": 74.2826919555664,
            "penetration": 0.0,
            "limit_viol": 0.0
          }
        },
        "0.5": {
          "latent": {
            "skate": 0.08656729757785797,
            "fs_mann": 0.312611848115921,
            "dof_jerk": 46.34598922729492,
            "body_jerk": 135.69786071777344,
            "penetration": 0.0,
            "limit_viol": 0.0
          },
          "qpos_baseline": {
            "skate": 0.04549090936779976,
            "fs_mann": 0.4625273048877716,
            "dof_jerk": 41.19474792480469,
            "body_jerk": 48.505149841308594,
            "penetration": 0.0,
            "limit_viol": 0.0
          }
        },
        "0.75": {
          "latent": {
            "skate": 0.0451371967792511,
            "fs_mann": 0.3277661204338074,
            "dof_jerk": 25.464092254638672,
            "body_jerk": 30.815765380859375,
            "penetration": 0.0,
            "limit_viol": 0.0
          },
          "qpos_baseline": {
            "skate": 0.03321624919772148,
            "fs_mann": 0.241468608379364,
            "dof_jerk": 22.902860641479492,
            "body_jerk": 21.73357582092285,
            "penetration": 0.0,
            "limit_viol": 0.0
          }
        },
        "1.0": {
          "latent": {
            "skate": 0.005508431699126959,
            "fs_mann": 0.03398481011390686,
            "dof_jerk": 7.619892597198486,
            "body_jerk": 3.885899305343628,
            "penetration": 0.0,
            "limit_viol": 0.0
          },
          "qpos_baseline": {
            "skate": 0.005508431699126959,
            "fs_mann": 0.03398481011390686,
            "dof_jerk": 7.619892597198486,
            "body_jerk": 3.885899305343628,
            "penetration": 0.0,
            "limit_viol": 0.0
          }
        }
      },
      "stanford_toddy": {
        "0.0": {
          "latent": {
            "skate": 0.04699116572737694,
            "fs_mann": 0.3479851484298706,
            "dof_jerk": 91.49732208251953,
            "body_jerk": 40.19607162475586,
            "penetration": 0.0,
            "limit_viol": 0.0
          },
          "qpos_baseline": {
            "skate": 0.04699116572737694,
            "fs_mann": 0.3479851484298706,
            "dof_jerk": 91.49732208251953,
            "body_jerk": 40.19607162475586,
            "penetration": 0.0,
            "limit_viol": 0.0
          }
        },
        "0.25": {
          "latent": {
            "skate": 0.05397559702396393,
            "fs_mann": 0.3035402297973633,
            "dof_jerk": 86.24600982666016,
            "body_jerk": 44.63302993774414,
            "penetration": 0.0003940387105103582,
            "limit_viol": 0.0
          },
          "qpos_baseline": {
            "skate": 0.043976400047540665,
            "fs_mann": 0.30731838941574097,
            "dof_jerk": 68.82599639892578,
            "body_jerk": 33.369258880615234,
            "penetration": 0.0,
            "limit_viol": 0.0
          }
        },
        "0.5": {
          "latent": {
            "skate": 0.0589655376970768,
            "fs_mann": 0.5695536136627197,
            "dof_jerk": 64.43197631835938,
            "body_jerk": 83.94367980957031,
            "penetration": 0.0018312173197045922,
            "limit_viol": 0.0
          },
          "qpos_baseline": {
            "skate": 0.036393579095602036,
            "fs_mann": 0.22149309515953064,
            "dof_jerk": 47.347599029541016,
            "body_jerk": 21.675474166870117,
            "penetration": 0.0,
            "limit_viol": 0.0
          }
        },
        "0.75": {
          "latent": {
            "skate": 0.019310321658849716,
            "fs_mann": 0.10224715620279312,
            "dof_jerk": 36.53145980834961,
            "body_jerk": 12.855256080627441,
            "penetration": 0.0013910377165302634,
            "limit_viol": 0.0
          },
          "qpos_baseline": {
            "skate": 0.018311528488993645,
            "fs_mann": 0.11707128584384918,
            "dof_jerk": 26.810874938964844,
            "body_jerk": 9.511411666870117,
            "penetration": 0.0,
            "limit_viol": 0.0
          }
        },
        "1.0": {
          "latent": {
            "skate": 0.0027822803240269423,
            "fs_mann": 0.018124911934137344,
            "dof_jerk": 9.77059555053711,
            "body_jerk": 1.6855683326721191,
            "penetration": 0.0,
            "limit_viol": 0.0
          },
          "qpos_baseline": {
            "skate": 0.0027822803240269423,
            "fs_mann": 0.018124911934137344,
            "dof_jerk": 9.77059555053711,
            "body_jerk": 1.6855683326721191,
            "penetration": 0.0,
            "limit_viol": 0.0
          }
        }
      }
    }
  },
  "arithmetic": {
    "formula": "z_fight - z_walk + z_run",
    "top3_nearest_clips": [
      "fight1_subject3",
      "aiming2_subject3",
      "aiming2_subject3"
    ],
    "decoded_plausibility_g1": {
      "skate": 0.14792482554912567,
      "fs_mann": 0.15284237265586853,
      "dof_jerk": 197.3375701904297,
      "body_jerk": 133.05148315429688,
      "penetration": 1.8820204786607064e-05,
      "limit_viol": 0.0
    }
  },
  "robot_to_robot": {
    "clip": "walk1_subject5",
    "pairs": {
      "unitree_g1->booster_t1_29dof": {
        "mpjpe_m": 0.4466489553451538,
        "dof_err_rad": 0.13349036872386932,
        "human_path_mpjpe_m": 0.02852090261876583
      },
      "booster_t1_29dof->unitree_g1": {
        "mpjpe_m": 0.3824141025543213,
        "dof_err_rad": 0.15748976171016693,
        "human_path_mpjpe_m": 0.04726934805512428
      },
      "unitree_g1->stanford_toddy": {
        "mpjpe_m": 0.24031417071819305,
        "dof_err_rad": 0.332317054271698,
        "human_path_mpjpe_m": 0.029344551265239716
      }
    }
  }
}