{
  "ckpt": "/home/ec2-user/work/retarget/snmr/runs/phase1_g1_large/ckpt_100k_final.pt",
  "clips": {
    "walk1_subject5": {
      "raw": {
        "skate": 0.4226214289665222,
        "mpjpe_cm": 3.485923260450363,
        "dof_jerk": 650.7708129882812,
        "joint_jumps": 0.0,
        "slide_frac": 0.5820895433425903
      },
      "lock_s0": {
        "skate": 0.06514539569616318,
        "mpjpe_cm": 3.280991315841675,
        "dof_jerk": 710.8906860351562,
        "joint_jumps": 0.015706805512309074,
        "slide_frac": 0.007462686393409967
      },
      "lock_s1": {
        "skate": 0.19182562828063965,
        "mpjpe_cm": 3.2651718705892563,
        "dof_jerk": 654.7175903320312,
        "joint_jumps": 0.0,
        "slide_frac": 0.1268656700849533
      },
      "lock_s2": {
        "skate": 0.27681416273117065,
        "mpjpe_cm": 3.2725151628255844,
        "dof_jerk": 652.1148681640625,
        "joint_jumps": 0.0,
        "slide_frac": 0.3283582031726837
      }
    },
    "dance2_subject4": {
      "raw": {
        "skate": 0.5698016881942749,
        "mpjpe_cm": 3.9462707936763763,
        "dof_jerk": 1540.142578125,
        "joint_jumps": 0.026178009808063507,
        "slide_frac": 0.7567567825317383
      },
      "lock_s0": {
        "skate": 0.04008384793996811,
        "mpjpe_cm": 4.421113058924675,
        "dof_jerk": 1571.6204833984375,
        "joint_jumps": 0.03664921596646309,
        "slide_frac": 0.0
      },
      "lock_s1": {
        "skate": 0.26125046610832214,
        "mpjpe_cm": 4.369641467928886,
        "dof_jerk": 1532.8870849609375,
        "joint_jumps": 0.03141361102461815,
        "slide_frac": 0.3918918967247009
      },
      "lock_s2": {
        "skate": 0.36017537117004395,
        "mpjpe_cm": 4.301218688488007,
        "dof_jerk": 1539.196044921875,
        "joint_jumps": 0.026178009808063507,
        "slide_frac": 0.5405405163764954
      }
    },
    "fight1_subject3": {
      "raw": {
        "skate": 0.2950858771800995,
        "mpjpe_cm": 5.446874722838402,
        "dof_jerk": 487.87127685546875,
        "joint_jumps": 0.010471204295754433,
        "slide_frac": 0.38260868191719055
      },
      "lock_s0": {
        "skate": 0.04920307919383049,
        "mpjpe_cm": 5.163616314530373,
        "dof_jerk": 504.36822509765625,
        "joint_jumps": 0.010471204295754433,
        "slide_frac": 0.0260869562625885
      },
      "lock_s1": {
        "skate": 0.11636625975370407,
        "mpjpe_cm": 5.152976140379906,
        "dof_jerk": 487.3822326660156,
        "joint_jumps": 0.010471204295754433,
        "slide_frac": 0.06956521421670914
      },
      "lock_s2": {
        "skate": 0.1703905314207077,
        "mpjpe_cm": 5.146712437272072,
        "dof_jerk": 487.78070068359375,
        "joint_jumps": 0.010471204295754433,
        "slide_frac": 0.14782609045505524
      }
    },
    "run2_subject1": {
      "raw": {
        "skate": 0.47357621788978577,
        "mpjpe_cm": 3.379349783062935,
        "dof_jerk": 1068.8084716796875,
        "joint_jumps": 0.0,
        "slide_frac": 0.6393442749977112
      },
      "lock_s0": {
        "skate": 0.08657968044281006,
        "mpjpe_cm": 3.4581810235977173,
        "dof_jerk": 1154.6976318359375,
        "joint_jumps": 0.020942408591508865,
        "slide_frac": 0.04918032884597778
      },
      "lock_s1": {
        "skate": 0.2395387887954712,
        "mpjpe_cm": 3.4378573298454285,
        "dof_jerk": 1075.7657470703125,
        "joint_jumps": 0.0,
        "slide_frac": 0.24590164422988892
      },
      "lock_s2": {
        "skate": 0.349454402923584,
        "mpjpe_cm": 3.4367363899946213,
        "dof_jerk": 1070.006591796875,
        "joint_jumps": 0.0,
        "slide_frac": 0.39344263076782227
      }
    },
    "jumps1_subject2": {
      "raw": {
        "skate": 0.36740633845329285,
        "mpjpe_cm": 3.064463660120964,
        "dof_jerk": 1171.846435546875,
        "joint_jumps": 0.0,
        "slide_frac": 0.5178571343421936
      },
      "lock_s0": {
        "skate": 0.08411792665719986,
        "mpjpe_cm": 3.126487508416176,
        "dof_jerk": 1356.2115478515625,
        "joint_jumps": 0.005235602147877216,
        "slide_frac": 0.01785714365541935
      },
      "lock_s1": {
        "skate": 0.20992520451545715,
        "mpjpe_cm": 3.0609674751758575,
        "dof_jerk": 1208.9144287109375,
        "joint_jumps": 0.0,
        "slide_frac": 0.2142857164144516
      },
      "lock_s2": {
        "skate": 0.2955603003501892,
        "mpjpe_cm": 3.0271828174591064,
        "dof_jerk": 1179.5382080078125,
        "joint_jumps": 0.0,
        "slide_frac": 0.4464285671710968
      }
    },
    "sprint1_subject4": {
      "raw": {
        "skate": 0.13543234765529633,
        "mpjpe_cm": 4.264891147613525,
        "dof_jerk": 66.60701751708984,
        "joint_jumps": 0.0,
        "slide_frac": 0.09574468433856964
      },
      "lock_s0": {
        "skate": 0.05536273121833801,
        "mpjpe_cm": 4.110405966639519,
        "dof_jerk": 67.68755340576172,
        "joint_jumps": 0.0,
        "slide_frac": 0.021276595070958138
      },
      "lock_s1": {
        "skate": 0.06785231083631516,
        "mpjpe_cm": 4.109548032283783,
        "dof_jerk": 66.08989715576172,
        "joint_jumps": 0.0,
        "slide_frac": 0.03191489353775978
      },
      "lock_s2": {
        "skate": 0.09039301425218582,
        "mpjpe_cm": 4.107320308685303,
        "dof_jerk": 66.44925689697266,
        "joint_jumps": 0.0,
        "slide_frac": 0.042553190141916275
      }
    },
    "aiming2_subject3": {
      "raw": {
        "skate": 0.2258448749780655,
        "mpjpe_cm": 4.203374311327934,
        "dof_jerk": 288.9396057128906,
        "joint_jumps": 0.0,
        "slide_frac": 0.27234041690826416
      },
      "lock_s0": {
        "skate": 0.03493877127766609,
        "mpjpe_cm": 4.008043929934502,
        "dof_jerk": 324.2615051269531,
        "joint_jumps": 0.0,
        "slide_frac": 0.012765957042574883
      },
      "lock_s1": {
        "skate": 0.07721155136823654,
        "mpjpe_cm": 3.999943658709526,
        "dof_jerk": 293.0156555175781,
        "joint_jumps": 0.0,
        "slide_frac": 0.0382978729903698
      },
      "lock_s2": {
        "skate": 0.12402613461017609,
        "mpjpe_cm": 4.008505493402481,
        "dof_jerk": 289.6591796875,
        "joint_jumps": 0.0,
        "slide_frac": 0.11063829809427261
      }
    }
  },
  "summary": {
    "raw": {
      "skate": 0.35568125333104816,
      "mpjpe_cm": 3.970163954155786,
      "dof_jerk": 753.569456917899,
      "joint_jumps": 0.005235602014831134,
      "slide_frac": 0.4638202169111797
    },
    "lock_s0": {
      "skate": 0.05934734748942511,
      "mpjpe_cm": 3.9384055882692337,
      "dof_jerk": 812.8196618216379,
      "joint_jumps": 0.01271503378770181,
      "slide_frac": 0.01923280961013266
    },
    "lock_s1": {
      "skate": 0.16628145852259227,
      "mpjpe_cm": 3.9137294249875207,
      "dof_jerk": 759.8246623447964,
      "joint_jumps": 0.005983545045767512,
      "slide_frac": 0.15981755831411906
    },
    "lock_s2": {
      "skate": 0.23811627392257964,
      "mpjpe_cm": 3.9000273283038824,
      "dof_jerk": 754.9635500226702,
      "joint_jumps": 0.005235602014831134,
      "slide_frac": 0.28711249945419176
    }
  }
}