{
  "checkpoint": "runs/e48_ssl/d_bce_only/ckpt.pt",
  "robot": "unitree_g1",
  "clips": [
    "walk1_subject5",
    "dance2_subject4",
    "fight1_subject3",
    "run2_subject1",
    "jumps1_subject2",
    "sprint1_subject4",
    "aiming2_subject3"
  ],
  "labels": "teacher_height hysteresis enter=0.03 exit=0.05 (Gate-1b oracle)",
  "protocol": "held-out-clip rotation; probe trained on remaining clips",
  "feet": [
    "left_ankle_roll_link",
    "right_ankle_roll_link"
  ],
  "per_clip": {
    "walk1_subject5": {
      "left_ankle_roll_link": {
        "z_linear": {
          "f1": 0.04730368968779565,
          "accuracy": 0.48622448979591837,
          "positive_rate": 0.5258928571428572,
          "auroc": 0.8019459594337193,
          "ap": 0.8042408179168636
        },
        "z_context_linear": {
          "f1": 0.09938172658575681,
          "accuracy": 0.4983418367346939,
          "positive_rate": 0.5258928571428572,
          "auroc": 0.7901198099260232,
          "ap": 0.7759300670742899
        },
        "source_height_mask": {
          "f1": 0.7158863892990532,
          "accuracy": 0.582780612244898,
          "positive_rate": 0.5258928571428572,
          "auroc": 0.5600211116455254,
          "ap": 0.5576300641744232
        },
        "majority": {
          "f1": 0.6892919836161499,
          "accuracy": 0.5258928571428572,
          "positive_rate": 0.5258928571428572,
          "auroc": 0.5,
          "ap": 0.5258928571428572
        }
      },
      "right_ankle_roll_link": {
        "z_linear": {
          "f1": 0.5237858445217968,
          "accuracy": 0.633545918367347,
          "positive_rate": 0.37423469387755104,
          "auroc": 0.6848387726059739,
          "ap": 0.5759727282281877
        },
        "z_context_linear": {
          "f1": 0.522109158186864,
          "accuracy": 0.6705357142857142,
          "positive_rate": 0.37423469387755104,
          "auroc": 0.7164385748597144,
          "ap": 0.6031498343340846
        },
        "source_height_mask": {
          "f1": 0.5646514318773503,
          "accuracy": 0.42410714285714285,
          "positive_rate": 0.37423469387755104,
          "auroc": 0.5394381655282918,
          "ap": 0.3936673190226306
        },
        "majority": {
          "f1": 0.0,
          "accuracy": 0.625765306122449,
          "positive_rate": 0.37423469387755104,
          "auroc": 0.5,
          "ap": 0.37423469387755104
        }
      }
    },
    "dance2_subject4": {
      "left_ankle_roll_link": {
        "z_linear": {
          "f1": 0.16666666666666666,
          "accuracy": 0.9970462265544233,
          "positive_rate": 0.0008861320336730173,
          "auroc": 0.9975363389997536,
          "ap": 0.16642552058153082
        },
        "z_context_linear": {
          "f1": 0.0,
          "accuracy": 0.9966031605375868,
          "positive_rate": 0.0008861320336730173,
          "auroc": 0.9974870657797487,
          "ap": 0.1649061994027669
        },
        "source_height_mask": {
          "f1": 0.001969796454366382,
          "accuracy": 0.10205287254467582,
          "positive_rate": 0.0008861320336730173,
          "auroc": 0.5506282335550627,
          "ap": 0.000985869208018403
        },
        "majority": {
          "f1": 0.0,
          "accuracy": 0.999113867966327,
          "positive_rate": 0.0008861320336730173,
          "auroc": 0.5,
          "ap": 0.0008861320336730173
        }
      },
      "right_ankle_roll_link": {
        "z_linear": {
          "f1": 0.0,
          "accuracy": 0.9964554718653079,
          "positive_rate": 0.003544528134692069,
          "auroc": 0.9421224247813844,
          "ap": 0.05128015084601654
        },
        "z_context_linear": {
          "f1": 0.0,
          "accuracy": 0.9964554718653079,
          "positive_rate": 0.003544528134692069,
          "auroc": 0.937546316881577,
          "ap": 0.04737327395698744
        },
        "source_height_mask": {
          "f1": 0.007707129094412331,
          "accuracy": 0.0872840053167922,
          "positive_rate": 0.003544528134692069,
          "auroc": 0.5420186749666518,
          "ap": 0.0038684719535783366
        },
        "majority": {
          "f1": 0.0,
          "accuracy": 0.9964554718653079,
          "positive_rate": 0.003544528134692069,
          "auroc": 0.5,
          "ap": 0.003544528134692069
        }
      }
    },
    "fight1_subject3": {
      "left_ankle_roll_link": {
        "z_linear": {
          "f1": 0.0,
          "accuracy": 0.9980944603239418,
          "positive_rate": 0.001905539676058255,
          "auroc": 0.9997759638425123,
          "ap": 0.9192176870748299
        },
        "z_context_linear": {
          "f1": 0.0,
          "accuracy": 0.9980944603239418,
          "positive_rate": 0.001905539676058255,
          "auroc": 0.999600631197522,
          "ap": 0.8697708269990878
        },
        "source_height_mask": {
          "f1": 0.004171011470281543,
          "accuracy": 0.09010480468218321,
          "positive_rate": 0.001905539676058255,
          "auroc": 0.5441838265375699,
          "ap": 0.0020898641588296763
        },
        "majority": {
          "f1": 0.0,
          "accuracy": 0.9980944603239418,
          "positive_rate": 0.001905539676058255,
          "auroc": 0.5,
          "ap": 0.001905539676058255
        }
      },
      "right_ankle_roll_link": {
        "z_linear": {
          "f1": 0.06818181818181818,
          "accuracy": 0.9888389818973731,
          "positive_rate": 0.0005444399074452157,
          "auroc": 0.9957102001906578,
          "ap": 0.3863795518207283
        },
        "z_context_linear": {
          "f1": 0.06382978723404255,
          "accuracy": 0.9880223220362052,
          "positive_rate": 0.0005444399074452157,
          "auroc": 0.987232738662672,
          "ap": 0.30948781381711565
        },
        "source_height_mask": {
          "f1": 0.00089632506722438,
          "accuracy": 0.0896964747515993,
          "positive_rate": 0.0005444399074452157,
          "auroc": 0.4196683916655318,
          "ap": 0.00047243284681646087
        },
        "majority": {
          "f1": 0.0,
          "accuracy": 0.9994555600925548,
          "positive_rate": 0.0005444399074452157,
          "auroc": 0.5,
          "ap": 0.0005444399074452157
        }
      }
    },
    "run2_subject1": {
      "left_ankle_roll_link": {
        "z_linear": {
          "f1": 0.5223880597014925,
          "accuracy": 0.991286589516678,
          "positive_rate": 0.011300204220558203,
          "auroc": 0.9796614162516217,
          "ap": 0.6120518635177603
        },
        "z_context_linear": {
          "f1": 0.5342465753424658,
          "accuracy": 0.9907420013614704,
          "positive_rate": 0.011300204220558203,
          "auroc": 0.9653319972260288,
          "ap": 0.5360774807759859
        },
        "source_height_mask": {
          "f1": 0.03079777365491651,
          "accuracy": 0.28876786929884274,
          "positive_rate": 0.011300204220558203,
          "auroc": 0.6403194712200495,
          "ap": 0.015639721123045035
        },
        "majority": {
          "f1": 0.0,
          "accuracy": 0.9886997957794418,
          "positive_rate": 0.011300204220558203,
          "auroc": 0.5,
          "ap": 0.011300204220558203
        }
      },
      "right_ankle_roll_link": {
        "z_linear": {
          "f1": 0.2246153846153846,
          "accuracy": 0.7941456773315181,
          "positive_rate": 0.03880190605854323,
          "auroc": 0.8589722180806123,
          "ap": 0.20051788251063266
        },
        "z_context_linear": {
          "f1": 0.22900046926325668,
          "accuracy": 0.7763104152484683,
          "positive_rate": 0.03880190605854323,
          "auroc": 0.8872869141692759,
          "ap": 0.2882674188571606
        },
        "source_height_mask": {
          "f1": 0.10246269998202409,
          "accuracy": 0.32021783526208303,