{
  "checkpoint": "runs/e48_ssl/b_denoise/ckpt.pt",
  "robot": "unitree_g1",
  "clips": [
    "walk1_subject5",
    "dance2_subject4",
    "fight1_subject3",
    "run2_subject1",
    "jumps1_subject2",
    "sprint1_subject4",
    "aiming2_subject3"
  ],
  "labels": "teacher_height hysteresis enter=0.03 exit=0.05 (Gate-1b oracle)",
  "protocol": "held-out-clip rotation; probe trained on remaining clips",
  "feet": [
    "left_ankle_roll_link",
    "right_ankle_roll_link"
  ],
  "per_clip": {
    "walk1_subject5": {
      "left_ankle_roll_link": {
        "z_linear": {
          "f1": 0.0019309678976587015,
          "accuracy": 0.4725765306122449,
          "positive_rate": 0.5258928571428572,
          "auroc": 0.4073898328575481,
          "ap": 0.4505635418667121
        },
        "z_context_linear": {
          "f1": 0.0009678199854827002,
          "accuracy": 0.4733418367346939,
          "positive_rate": 0.5258928571428572,
          "auroc": 0.4324104019323479,
          "ap": 0.47347675690846336
        },
        "source_height_mask": {
          "f1": 0.7158863892990532,
          "accuracy": 0.582780612244898,
          "positive_rate": 0.5258928571428572,
          "auroc": 0.5600211116455254,
          "ap": 0.5576300641744232
        },
        "majority": {
          "f1": 0.6892919836161499,
          "accuracy": 0.5258928571428572,
          "positive_rate": 0.5258928571428572,
          "auroc": 0.5,
          "ap": 0.5258928571428572
        }
      },
      "right_ankle_roll_link": {
        "z_linear": {
          "f1": 0.0610062893081761,
          "accuracy": 0.6191326530612244,
          "positive_rate": 0.37423469387755104,
          "auroc": 0.5652671033424286,
          "ap": 0.4215121694346979
        },
        "z_context_linear": {
          "f1": 0.07369758576874205,
          "accuracy": 0.628061224489796,
          "positive_rate": 0.37423469387755104,
          "auroc": 0.6255368480257748,
          "ap": 0.48785564018250666
        },
        "source_height_mask": {
          "f1": 0.5646514318773503,
          "accuracy": 0.42410714285714285,
          "positive_rate": 0.37423469387755104,
          "auroc": 0.5394381655282918,
          "ap": 0.3936673190226306
        },
        "majority": {
          "f1": 0.0,
          "accuracy": 0.625765306122449,
          "positive_rate": 0.37423469387755104,
          "auroc": 0.5,
          "ap": 0.37423469387755104
        }
      }
    },
    "dance2_subject4": {
      "left_ankle_roll_link": {
        "z_linear": {
          "f1": 0.23076923076923078,
          "accuracy": 0.9940924531088465,
          "positive_rate": 0.0008861320336730173,
          "auroc": 0.9992362650899236,
          "ap": 0.3860750360750361
        },
        "z_context_linear": {
          "f1": 0.18518518518518517,
          "accuracy": 0.9935016984197312,
          "positive_rate": 0.0008861320336730173,
          "auroc": 0.9951712244395171,
          "ap": 0.09045265542675829
        },
        "source_height_mask": {
          "f1": 0.001969796454366382,
          "accuracy": 0.10205287254467582,
          "positive_rate": 0.0008861320336730173,
          "auroc": 0.5506282335550627,
          "ap": 0.000985869208018403
        },
        "majority": {
          "f1": 0.0,
          "accuracy": 0.999113867966327,
          "positive_rate": 0.0008861320336730173,
          "auroc": 0.5,
          "ap": 0.0008861320336730173
        }
      },
      "right_ankle_roll_link": {
        "z_linear": {
          "f1": 0.11904761904761904,
          "accuracy": 0.9890710382513661,
          "positive_rate": 0.003544528134692069,
          "auroc": 0.832258781680747,
          "ap": 0.043939330722226284
        },
        "z_context_linear": {
          "f1": 0.036585365853658534,
          "accuracy": 0.9766651897799439,
          "positive_rate": 0.003544528134692069,
          "auroc": 0.8265587174546712,
          "ap": 0.018102858030095335
        },
        "source_height_mask": {
          "f1": 0.007707129094412331,
          "accuracy": 0.0872840053167922,
          "positive_rate": 0.003544528134692069,
          "auroc": 0.5420186749666518,
          "ap": 0.0038684719535783366
        },
        "majority": {
          "f1": 0.0,
          "accuracy": 0.9964554718653079,
          "positive_rate": 0.003544528134692069,
          "auroc": 0.5,
          "ap": 0.003544528134692069
        }
      }
    },
    "fight1_subject3": {
      "left_ankle_roll_link": {
        "z_linear": {
          "f1": 0.6086956521739131,
          "accuracy": 0.9987750102082482,
          "positive_rate": 0.001905539676058255,
          "auroc": 0.9990356704525531,
          "ap": 0.6958830815502794
        },
        "z_context_linear": {
          "f1": 0.5833333333333334,
          "accuracy": 0.9986389002313869,
          "positive_rate": 0.001905539676058255,
          "auroc": 0.9989090413200601,
          "ap": 0.6246028991893653
        },
        "source_height_mask": {
          "f1": 0.004171011470281543,
          "accuracy": 0.09010480468218321,
          "positive_rate": 0.001905539676058255,
          "auroc": 0.5441838265375699,
          "ap": 0.0020898641588296763
        },
        "majority": {
          "f1": 0.0,
          "accuracy": 0.9980944603239418,
          "positive_rate": 0.001905539676058255,
          "auroc": 0.5,
          "ap": 0.001905539676058255
        }
      },
      "right_ankle_roll_link": {
        "z_linear": {
          "f1": 0.0,
          "accuracy": 0.9982305703008031,
          "positive_rate": 0.0005444399074452157,
          "auroc": 0.9273117254528122,
          "ap": 0.004519264866853354
        },
        "z_context_linear": {
          "f1": 0.0,
          "accuracy": 0.9960528106710221,
          "positive_rate": 0.0005444399074452157,
          "auroc": 0.9450497072041399,
          "ap": 0.012506561208845725
        },
        "source_height_mask": {
          "f1": 0.00089632506722438,
          "accuracy": 0.0896964747515993,
          "positive_rate": 0.0005444399074452157,
          "auroc": 0.4196683916655318,
          "ap": 0.00047243284681646087
        },
        "majority": {
          "f1": 0.0,
          "accuracy": 0.9994555600925548,
          "positive_rate": 0.0005444399074452157,
          "auroc": 0.5,
          "ap": 0.0005444399074452157
        }
      }
    },
    "run2_subject1": {
      "left_ankle_roll_link": {
        "z_linear": {
          "f1": 0.0,
          "accuracy": 0.9886997957794418,
          "positive_rate": 0.011300204220558203,
          "auroc": 0.7589448955281329,
          "ap": 0.1482095823036389
        },
        "z_context_linear": {
          "f1": 0.047058823529411764,
          "accuracy": 0.9889720898570457,
          "positive_rate": 0.011300204220558203,
          "auroc": 0.69095771684922,
          "ap": 0.13709049119899308
        },
        "source_height_mask": {
          "f1": 0.03079777365491651,
          "accuracy": 0.28876786929884274,
          "positive_rate": 0.011300204220558203,
          "auroc": 0.6403194712200495,
          "ap": 0.015639721123045035
        },
        "majority": {
          "f1": 0.0,
          "accuracy": 0.9886997957794418,
          "positive_rate": 0.011300204220558203,
          "auroc": 0.5,
          "ap": 0.011300204220558203
        }
      },
      "right_ankle_roll_link": {
        "z_linear": {
          "f1": 0.0,
          "accuracy": 0.9611980939414567,
          "positive_rate": 0.03880190605854323,
          "auroc": 0.7825505690572039,
          "ap": 0.2585376101740769
        },
        "z_context_linear": {
          "f1": 0.0,
          "accuracy": 0.9611980939414567,
          "positive_rate": 0.03880190605854323,
          "auroc": 0.8453849212265792,
          "ap": 0.3607642708531444
        },
        "source_height_mask": {
          "f1": 0.10246269998202409,
          "accuracy": 0.32021783526208303,