{
  "checkpoint": "runs/e48_ssl/c_denoise_bce/ckpt.pt",
  "robot": "unitree_g1",
  "clips": [
    "walk1_subject5",
    "dance2_subject4",
    "fight1_subject3",
    "run2_subject1",
    "jumps1_subject2",
    "sprint1_subject4",
    "aiming2_subject3"
  ],
  "labels": "teacher_height hysteresis enter=0.03 exit=0.05 (Gate-1b oracle)",
  "protocol": "held-out-clip rotation; probe trained on remaining clips",
  "feet": [
    "left_ankle_roll_link",
    "right_ankle_roll_link"
  ],
  "per_clip": {
    "walk1_subject5": {
      "left_ankle_roll_link": {
        "z_linear": {
          "f1": 0.0,
          "accuracy": 0.47410714285714284,
          "positive_rate": 0.5258928571428572,
          "auroc": 0.6110117648778407,
          "ap": 0.6150528803675503
        },
        "z_context_linear": {
          "f1": 0.00048496605237633366,
          "accuracy": 0.474234693877551,
          "positive_rate": 0.5258928571428572,
          "auroc": 0.6578586850891452,
          "ap": 0.6705073263306196
        },
        "source_height_mask": {
          "f1": 0.7158863892990532,
          "accuracy": 0.582780612244898,
          "positive_rate": 0.5258928571428572,
          "auroc": 0.5600211116455254,
          "ap": 0.5576300641744232
        },
        "majority": {
          "f1": 0.6892919836161499,
          "accuracy": 0.5258928571428572,
          "positive_rate": 0.5258928571428572,
          "auroc": 0.5,
          "ap": 0.5258928571428572
        }
      },
      "right_ankle_roll_link": {
        "z_linear": {
          "f1": 0.09548221723806473,
          "accuracy": 0.6399234693877551,
          "positive_rate": 0.37423469387755104,
          "auroc": 0.7328857504034263,
          "ap": 0.6096626344785336
        },
        "z_context_linear": {
          "f1": 0.08847271553115918,
          "accuracy": 0.6399234693877551,
          "positive_rate": 0.37423469387755104,
          "auroc": 0.7424860033941438,
          "ap": 0.6228498487290718
        },
        "source_height_mask": {
          "f1": 0.5646514318773503,
          "accuracy": 0.42410714285714285,
          "positive_rate": 0.37423469387755104,
          "auroc": 0.5394381655282918,
          "ap": 0.3936673190226306
        },
        "majority": {
          "f1": 0.0,
          "accuracy": 0.625765306122449,
          "positive_rate": 0.37423469387755104,
          "auroc": 0.5,
          "ap": 0.37423469387755104
        }
      }
    },
    "dance2_subject4": {
      "left_ankle_roll_link": {
        "z_linear": {
          "f1": 0.0,
          "accuracy": 0.9970462265544233,
          "positive_rate": 0.0008861320336730173,
          "auroc": 0.9963045084996305,
          "ap": 0.11853981358625322
        },
        "z_context_linear": {
          "f1": 0.0,
          "accuracy": 0.9968985378821444,
          "positive_rate": 0.0008861320336730173,
          "auroc": 0.9960335057896034,
          "ap": 0.1133088753778409
        },
        "source_height_mask": {
          "f1": 0.001969796454366382,
          "accuracy": 0.10205287254467582,
          "positive_rate": 0.0008861320336730173,
          "auroc": 0.5506282335550627,
          "ap": 0.000985869208018403
        },
        "majority": {
          "f1": 0.0,
          "accuracy": 0.999113867966327,
          "positive_rate": 0.0008861320336730173,
          "auroc": 0.5,
          "ap": 0.0008861320336730173
        }
      },
      "right_ankle_roll_link": {
        "z_linear": {
          "f1": 0.0,
          "accuracy": 0.9955693398316349,
          "positive_rate": 0.003544528134692069,
          "auroc": 0.9164319944666766,
          "ap": 0.03447494717988544
        },
        "z_context_linear": {
          "f1": 0.0,
          "accuracy": 0.9948308964702407,
          "positive_rate": 0.003544528134692069,
          "auroc": 0.8917296576256114,
          "ap": 0.026448222044915416
        },
        "source_height_mask": {
          "f1": 0.007707129094412331,
          "accuracy": 0.0872840053167922,
          "positive_rate": 0.003544528134692069,
          "auroc": 0.5420186749666518,
          "ap": 0.0038684719535783366
        },
        "majority": {
          "f1": 0.0,
          "accuracy": 0.9964554718653079,
          "positive_rate": 0.003544528134692069,
          "auroc": 0.5,
          "ap": 0.003544528134692069
        }
      }
    },
    "fight1_subject3": {
      "left_ankle_roll_link": {
        "z_linear": {
          "f1": 0.56,
          "accuracy": 0.9970055805090513,
          "positive_rate": 0.001905539676058255,
          "auroc": 1.0,
          "ap": 0.9999999999999999
        },
        "z_context_linear": {
          "f1": 0.6222222222222222,
          "accuracy": 0.9976861303933579,
          "positive_rate": 0.001905539676058255,
          "auroc": 1.0,
          "ap": 0.9999999999999999
        },
        "source_height_mask": {
          "f1": 0.004171011470281543,
          "accuracy": 0.09010480468218321,
          "positive_rate": 0.001905539676058255,
          "auroc": 0.5441838265375699,
          "ap": 0.0020898641588296763
        },
        "majority": {
          "f1": 0.0,
          "accuracy": 0.9980944603239418,
          "positive_rate": 0.001905539676058255,
          "auroc": 0.5,
          "ap": 0.001905539676058255
        }
      },
      "right_ankle_roll_link": {
        "z_linear": {
          "f1": 0.009287925696594427,
          "accuracy": 0.9128896148087655,
          "positive_rate": 0.0005444399074452157,
          "auroc": 0.9195832765899496,
          "ap": 0.015986245212095306
        },
        "z_context_linear": {
          "f1": 0.005797101449275362,
          "accuracy": 0.9066285558731455,
          "positive_rate": 0.0005444399074452157,
          "auroc": 0.8277611330518861,
          "ap": 0.012503616748631529
        },
        "source_height_mask": {
          "f1": 0.00089632506722438,
          "accuracy": 0.0896964747515993,
          "positive_rate": 0.0005444399074452157,
          "auroc": 0.4196683916655318,
          "ap": 0.00047243284681646087
        },
        "majority": {
          "f1": 0.0,
          "accuracy": 0.9994555600925548,
          "positive_rate": 0.0005444399074452157,
          "auroc": 0.5,
          "ap": 0.0005444399074452157
        }
      }
    },
    "run2_subject1": {
      "left_ankle_roll_link": {
        "z_linear": {
          "f1": 0.3333333333333333,
          "accuracy": 0.9907420013614704,
          "positive_rate": 0.011300204220558203,
          "auroc": 0.9742246319345131,
          "ap": 0.46326150770076635
        },
        "z_context_linear": {
          "f1": 0.39622641509433965,
          "accuracy": 0.991286589516678,
          "positive_rate": 0.011300204220558203,
          "auroc": 0.972409605372744,
          "ap": 0.5243626395006405
        },
        "source_height_mask": {
          "f1": 0.03079777365491651,
          "accuracy": 0.28876786929884274,
          "positive_rate": 0.011300204220558203,
          "auroc": 0.6403194712200495,
          "ap": 0.015639721123045035
        },
        "majority": {
          "f1": 0.0,
          "accuracy": 0.9886997957794418,
          "positive_rate": 0.011300204220558203,
          "auroc": 0.5,
          "ap": 0.011300204220558203
        }
      },
      "right_ankle_roll_link": {
        "z_linear": {
          "f1": 0.013513513513513514,
          "accuracy": 0.9602450646698434,
          "positive_rate": 0.03880190605854323,
          "auroc": 0.8611207196461408,
          "ap": 0.16513733127290434
        },
        "z_context_linear": {
          "f1": 0.0,
          "accuracy": 0.9606535057862492,
          "positive_rate": 0.03880190605854323,
          "auroc": 0.8662148998558721,
          "ap": 0.16942089581406922
        },
        "source_height_mask": {
          "f1": 0.10246269998202409,
          "accuracy": 0.32021783526208303,
          "positive_rate": 0.03880190605854323,