{
  "checkpoint": "runs/e48_ssl/a_control/ckpt.pt",
  "robot": "unitree_g1",
  "clips": [
    "walk1_subject5",
    "dance2_subject4",
    "fight1_subject3",
    "run2_subject1",
    "jumps1_subject2",
    "sprint1_subject4",
    "aiming2_subject3"
  ],
  "labels": "teacher_height hysteresis enter=0.03 exit=0.05 (Gate-1b oracle)",
  "protocol": "held-out-clip rotation; probe trained on remaining clips",
  "feet": [
    "left_ankle_roll_link",
    "right_ankle_roll_link"
  ],
  "per_clip": {
    "walk1_subject5": {
      "left_ankle_roll_link": {
        "z_linear": {
          "f1": 0.0,
          "accuracy": 0.47410714285714284,
          "positive_rate": 0.5258928571428572,
          "auroc": 0.5311092696984984,
          "ap": 0.5718705655234508
        },
        "z_context_linear": {
          "f1": 0.0,
          "accuracy": 0.47410714285714284,
          "positive_rate": 0.5258928571428572,
          "auroc": 0.5245976379674485,
          "ap": 0.5740390920101901
        },
        "source_height_mask": {
          "f1": 0.7158863892990532,
          "accuracy": 0.582780612244898,
          "positive_rate": 0.5258928571428572,
          "auroc": 0.5600211116455254,
          "ap": 0.5576300641744232
        },
        "majority": {
          "f1": 0.6892919836161499,
          "accuracy": 0.5258928571428572,
          "positive_rate": 0.5258928571428572,
          "auroc": 0.5,
          "ap": 0.5258928571428572
        }
      },
      "right_ankle_roll_link": {
        "z_linear": {
          "f1": 0.0,
          "accuracy": 0.625765306122449,
          "positive_rate": 0.37423469387755104,
          "auroc": 0.6309166522858783,
          "ap": 0.5142545666955649
        },
        "z_context_linear": {
          "f1": 0.0,
          "accuracy": 0.625765306122449,
          "positive_rate": 0.37423469387755104,
          "auroc": 0.6392063083168752,
          "ap": 0.5288413037089511
        },
        "source_height_mask": {
          "f1": 0.5646514318773503,
          "accuracy": 0.42410714285714285,
          "positive_rate": 0.37423469387755104,
          "auroc": 0.5394381655282918,
          "ap": 0.3936673190226306
        },
        "majority": {
          "f1": 0.0,
          "accuracy": 0.625765306122449,
          "positive_rate": 0.37423469387755104,
          "auroc": 0.5,
          "ap": 0.37423469387755104
        }
      }
    },
    "dance2_subject4": {
      "left_ankle_roll_link": {
        "z_linear": {
          "f1": 0.05853658536585366,
          "accuracy": 0.9714960862501846,
          "positive_rate": 0.0008861320336730173,
          "auroc": 0.9979551613697956,
          "ap": 0.24852484472049688
        },
        "z_context_linear": {
          "f1": 0.05825242718446602,
          "accuracy": 0.9713483975779058,
          "positive_rate": 0.0008861320336730173,
          "auroc": 0.9972653362897266,
          "ap": 0.18230473230473232
        },
        "source_height_mask": {
          "f1": 0.001969796454366382,
          "accuracy": 0.10205287254467582,
          "positive_rate": 0.0008861320336730173,
          "auroc": 0.5506282335550627,
          "ap": 0.000985869208018403
        },
        "majority": {
          "f1": 0.0,
          "accuracy": 0.999113867966327,
          "positive_rate": 0.0008861320336730173,
          "auroc": 0.5,
          "ap": 0.0008861320336730173
        }
      },
      "right_ankle_roll_link": {
        "z_linear": {
          "f1": 0.04610951008645533,
          "accuracy": 0.9022300989514104,
          "positive_rate": 0.003544528134692069,
          "auroc": 0.835785040264809,
          "ap": 0.03233203299936103
        },
        "z_context_linear": {
          "f1": 0.0412621359223301,
          "accuracy": 0.8833259488997194,
          "positive_rate": 0.003544528134692069,
          "auroc": 0.8384899461489057,
          "ap": 0.031490620523007835
        },
        "source_height_mask": {
          "f1": 0.007707129094412331,
          "accuracy": 0.0872840053167922,
          "positive_rate": 0.003544528134692069,
          "auroc": 0.5420186749666518,
          "ap": 0.0038684719535783366
        },
        "majority": {
          "f1": 0.0,
          "accuracy": 0.9964554718653079,
          "positive_rate": 0.003544528134692069,
          "auroc": 0.5,
          "ap": 0.003544528134692069
        }
      }
    },
    "fight1_subject3": {
      "left_ankle_roll_link": {
        "z_linear": {
          "f1": 0.0,
          "accuracy": 0.9978222403702192,
          "positive_rate": 0.001905539676058255,
          "auroc": 0.9945841694102979,
          "ap": 0.19767335528520444
        },
        "z_context_linear": {
          "f1": 0.0,
          "accuracy": 0.9975500204164965,
          "positive_rate": 0.001905539676058255,
          "auroc": 0.9873370867506965,
          "ap": 0.1657885221633899
        },
        "source_height_mask": {
          "f1": 0.004171011470281543,
          "accuracy": 0.09010480468218321,
          "positive_rate": 0.001905539676058255,
          "auroc": 0.5441838265375699,
          "ap": 0.0020898641588296763
        },
        "majority": {
          "f1": 0.0,
          "accuracy": 0.9980944603239418,
          "positive_rate": 0.001905539676058255,
          "auroc": 0.5,
          "ap": 0.001905539676058255
        }
      },
      "right_ankle_roll_link": {
        "z_linear": {
          "f1": 0.0,
          "accuracy": 0.9827140329386144,
          "positive_rate": 0.0005444399074452157,
          "auroc": 0.9601320985973035,
          "ap": 0.008367504543556052
        },
        "z_context_linear": {
          "f1": 0.0223463687150838,
          "accuracy": 0.9761807540492718,
          "positive_rate": 0.0005444399074452157,
          "auroc": 0.9581574288437968,
          "ap": 0.01872438366213199
        },
        "source_height_mask": {
          "f1": 0.00089632506722438,
          "accuracy": 0.0896964747515993,
          "positive_rate": 0.0005444399074452157,
          "auroc": 0.4196683916655318,
          "ap": 0.00047243284681646087
        },
        "majority": {
          "f1": 0.0,
          "accuracy": 0.9994555600925548,
          "positive_rate": 0.0005444399074452157,
          "auroc": 0.5,
          "ap": 0.0005444399074452157
        }
      }
    },
    "run2_subject1": {
      "left_ankle_roll_link": {
        "z_linear": {
          "f1": 0.0,
          "accuracy": 0.9866575901974132,
          "positive_rate": 0.011300204220558203,
          "auroc": 0.7592485060041875,
          "ap": 0.044658852967756055
        },
        "z_context_linear": {
          "f1": 0.017857142857142856,
          "accuracy": 0.9850238257317904,
          "positive_rate": 0.011300204220558203,
          "auroc": 0.724577185082937,
          "ap": 0.02438000831453392
        },
        "source_height_mask": {
          "f1": 0.03079777365491651,
          "accuracy": 0.28876786929884274,
          "positive_rate": 0.011300204220558203,
          "auroc": 0.6403194712200495,
          "ap": 0.015639721123045035
        },
        "majority": {
          "f1": 0.0,
          "accuracy": 0.9886997957794418,
          "positive_rate": 0.011300204220558203,
          "auroc": 0.5,
          "ap": 0.011300204220558203
        }
      },
      "right_ankle_roll_link": {
        "z_linear": {
          "f1": 0.061016949152542375,
          "accuracy": 0.962287270251872,
          "positive_rate": 0.03880190605854323,
          "auroc": 0.8512017295363055,
          "ap": 0.28532509225037006
        },
        "z_context_linear": {
          "f1": 0.18125,
          "accuracy": 0.9643294758339006,
          "positive_rate": 0.03880190605854323,
          "auroc": 0.8738283385517618,
          "ap": 0.34940682689863045
        },
        "source_height_mask": {
          "f1": 0.10246269998202409,
          "accuracy": 0.32021783526208303,
          "positive_rate": 0.03880190605854323,