{
  "unitree_g1": {
    "mpjpe_m": 0.0792616558028385,
    "dof_err_rad": 0.15831878934321658
  },
  "booster_t1_29dof": {
    "mpjpe_m": 0.06742007363521095,
    "dof_err_rad": 0.15507559731070483
  },
  "fourier_n1": {
    "mpjpe_m": 0.06363955728842743,
    "dof_err_rad": 0.18217213528363832
  },
  "engineai_pm01": {
    "mpjpe_m": 0.06581431665524308,
    "dof_err_rad": 0.16582216365662003
  },
  "stanford_toddy": {
    "mpjpe_m": 0.0348895082216976,
    "dof_err_rad": 0.17607701390183397
  }
}